"","words","n","radius"
"1","shiny",15,90
"2","automation",9,69.7137002317335
"3","workflow",9,69.7137002317335
"4","ai",7,61.4817045957576
"5","machine learning",7,61.4817045957576
"6","quarto",7,61.4817045957576
"7","data visualization",6,56.9209978830308
"8","r package",6,56.9209978830308
"9","causal inference",5,51.9615242270663
"10","data science",5,51.9615242270663
"11","reproducibility",5,51.9615242270663
"12","api",4,46.475800154489
"13","big data",4,46.475800154489
"14","community",4,46.475800154489
"15","data visualisation",4,46.475800154489
"16","docker",4,46.475800154489
"17","clinical trials",3,40.2492235949962
"18","consulting",3,40.2492235949962
"19","duckdb",3,40.2492235949962
"20","healthcare",3,40.2492235949962
"21","ide",3,40.2492235949962
"22","llm",3,40.2492235949962
"23","package",3,40.2492235949962
"24","programming",3,40.2492235949962
"25","python",3,40.2492235949962
"26","r",3,40.2492235949962
"27","research",3,40.2492235949962
"28","statistical learning",3,40.2492235949962
"29","teaching",3,40.2492235949962
"30","analytics",2,32.86335345031
"31","bioinformatics",2,32.86335345031
"32","biostatistics",2,32.86335345031
"33","clustering",2,32.86335345031
"34","collaboration",2,32.86335345031
"35","communication",2,32.86335345031
"36","dashboard",2,32.86335345031
"37","data",2,32.86335345031
"38","data mining",2,32.86335345031
"39","data storytelling",2,32.86335345031
"40","data wrangling",2,32.86335345031
"41","dimension reduction",2,32.86335345031
"42","documentation",2,32.86335345031
"43","education",2,32.86335345031
"44","environmental science",2,32.86335345031
"45","explainable ai",2,32.86335345031
"46","functions",2,32.86335345031
"47","ggplot2",2,32.86335345031
"48","llms",2,32.86335345031
"49","markdown",2,32.86335345031
"50","medical research",2,32.86335345031
"51","mental health",2,32.86335345031
"52","parquet",2,32.86335345031
"53","pedagogy",2,32.86335345031
"54","public health",2,32.86335345031
"55","regression modeling",2,32.86335345031
"56","reproducible research",2,32.86335345031
"57","survey analysis",2,32.86335345031
"58","tidymodels",2,32.86335345031
"59","tooling",2,32.86335345031
"60","visualization",2,32.86335345031
"61","webr",2,32.86335345031
"62","workflows",2,32.86335345031
"63",NA,2,32.86335345031
"64","""code better",1,23.2379000772445
"65","adam",1,23.2379000772445
"66","administrative unit",1,23.2379000772445
"67","agents",1,23.2379000772445
"68","ai governance",1,23.2379000772445
"69","ai in health",1,23.2379000772445
"70","ai/ml",1,23.2379000772445
"71","animal movement",1,23.2379000772445
"72","anti-discrimination in ml/ai",1,23.2379000772445
"73","apache arrow",1,23.2379000772445
"74","apis",1,23.2379000772445
"75","application",1,23.2379000772445
"76","applied data science",1,23.2379000772445
"77","arrow",1,23.2379000772445
"78","astronomy",1,23.2379000772445
"79","asynchronous programming",1,23.2379000772445
"80","barriers to r adoption",1,23.2379000772445
"81","base graphics",1,23.2379000772445
"82","bayesian nonparametrics",1,23.2379000772445
"83","behavior-driven development",1,23.2379000772445
"84","behavioral science",1,23.2379000772445
"85","benchmarking",1,23.2379000772445
"86","best practices",1,23.2379000772445
"87","bias-correction",1,23.2379000772445
"88","bioconductor",1,23.2379000772445
"89","bioinformatic tools",1,23.2379000772445
"90","biological sciences",1,23.2379000772445
"91","biomedical research",1,23.2379000772445
"92","box",1,23.2379000772445
"93","broadband",1,23.2379000772445
"94","browser automation",1,23.2379000772445
"95","calendars",1,23.2379000772445
"96","cdisc",1,23.2379000772445
"97","census",1,23.2379000772445
"98","census data",1,23.2379000772445
"99","central bank",1,23.2379000772445
"100","cheminformatics",1,23.2379000772445
"101","city management",1,23.2379000772445
"102","clinical research",1,23.2379000772445
"103","clinical trials data",1,23.2379000772445
"104","clinical/medical research",1,23.2379000772445
"105","closeread",1,23.2379000772445
"106","cloud",1,23.2379000772445
"107","cluster-randomized trials",1,23.2379000772445
"108","cluster-robust standard errors",1,23.2379000772445
"109","clustered observational studies",1,23.2379000772445
"110","coding",1,23.2379000772445
"111","conditional growth status model",1,23.2379000772445
"112","connectomics",1,23.2379000772445
"113","continuous learning",1,23.2379000772445
"114","controlled terminology",1,23.2379000772445
"115","coursework infrastructure",1,23.2379000772445
"116","cox regression",1,23.2379000772445
"117","critical thinking",1,23.2379000772445
"118","curriculum development",1,23.2379000772445
"119","customisation",1,23.2379000772445
"120","daily electricity load curves",1,23.2379000772445
"121","data analysis",1,23.2379000772445
"122","data harmonisation",1,23.2379000772445
"123","data harmonization",1,23.2379000772445
"124","data instruction",1,23.2379000772445
"125","data package",1,23.2379000772445
"126","data processing",1,23.2379000772445
"127","data science education",1,23.2379000772445
"128","data sharing",1,23.2379000772445
"129","data validation",1,23.2379000772445
"130","data viz",1,23.2379000772445
"131","data-driven analysis",1,23.2379000772445
"132","database",1,23.2379000772445
"133","dataset interface",1,23.2379000772445
"134","debugging",1,23.2379000772445
"135","decision making",1,23.2379000772445
"136","decision-making",1,23.2379000772445
"137","declare()",1,23.2379000772445
"138","deep learning",1,23.2379000772445
"139","demand forecasting",1,23.2379000772445
"140","demography",1,23.2379000772445
"141","deploy",1,23.2379000772445
"142","design-based",1,23.2379000772445
"143","direct adjustment",1,23.2379000772445
"144","distributed computing",1,23.2379000772445
"145","diversity",1,23.2379000772445
"146","diving",1,23.2379000772445
"147","dose-response",1,23.2379000772445
"148","dplyr",1,23.2379000772445
"149","dynamic web data",1,23.2379000772445
"150","earth sciences",1,23.2379000772445
"151","econometrics",1,23.2379000772445
"152","economics",1,23.2379000772445
"153","educational consortia",1,23.2379000772445
"154","eeg",1,23.2379000772445
"155","efficient coding",1,23.2379000772445
"156","efficient programming",1,23.2379000772445
"157","embeddings",1,23.2379000772445
"158","empirical partial sum process",1,23.2379000772445
"159","ems",1,23.2379000772445
"160","epidemiology",1,23.2379000772445
"161","equity ml/ai",1,23.2379000772445
"162","evaluation",1,23.2379000772445
"163","event-driven workflows",1,23.2379000772445
"164","evidence synthesis",1,23.2379000772445
"165","experimental research",1,23.2379000772445
"166","exploratory data analysis",1,23.2379000772445
"167","extension development",1,23.2379000772445
"168","eye-tracking",1,23.2379000772445
"169","factor analysis",1,23.2379000772445
"170","fast coding""",1,23.2379000772445
"171","feedback",1,23.2379000772445
"172","finance",1,23.2379000772445
"173","financial data",1,23.2379000772445
"174","fisheries science",1,23.2379000772445
"175","fmri imaging",1,23.2379000772445
"176","formatter",1,23.2379000772445
"177","formatting",1,23.2379000772445
"178","fortran",1,23.2379000772445
"179","frameworks",1,23.2379000772445
"180","function factories",1,23.2379000772445
"181","functional programming",1,23.2379000772445
"182","gen ai",1,23.2379000772445
"183","generalized additive models",1,23.2379000772445
"184","generative ai",1,23.2379000772445
"185","generativeai",1,23.2379000772445
"186","genomics",1,23.2379000772445
"187","geocoding",1,23.2379000772445
"188","geography",1,23.2379000772445
"189","geometrics",1,23.2379000772445
"190","geospatial indicator",1,23.2379000772445
"191","ggplot",1,23.2379000772445
"192","ggplot2 extension",1,23.2379000772445
"193","ggplot2 extensions",1,23.2379000772445
"194","gherkin",1,23.2379000772445
"195","gis",1,23.2379000772445
"196","github",1,23.2379000772445
"197","github webhooks",1,23.2379000772445
"198","goodness-of-fit testing",1,23.2379000772445
"199","google colab",1,23.2379000772445
"200","grammar of graphics",1,23.2379000772445
"201","green value",1,23.2379000772445
"202","group sequential design",1,23.2379000772445
"203","health science",1,23.2379000772445
"204","health sciences",1,23.2379000772445
"205","hex",1,23.2379000772445
"206","hierarchical bayes",1,23.2379000772445
"207","high dimensional data",1,23.2379000772445
"208","high-dimensional data structures",1,23.2379000772445
"209","household survey",1,23.2379000772445
"210","hpc",1,23.2379000772445
"211","html",1,23.2379000772445
"212","httr2",1,23.2379000772445
"213","humanitarian aid",1,23.2379000772445
"214","identification",1,23.2379000772445
"215","implementation",1,23.2379000772445
"216","increasing patient involvement",1,23.2379000772445
"217","infrastructure",1,23.2379000772445
"218","insight",1,23.2379000772445
"219","institutional research",1,23.2379000772445
"220","instruction",1,23.2379000772445
"221","intent-to-treat effect",1,23.2379000772445
"222","interactive charts",1,23.2379000772445
"223","interactive dashboards",1,23.2379000772445
"224","interactive tools",1,23.2379000772445
"225","interdisciplinary",1,23.2379000772445
"226","interoperability",1,23.2379000772445
"227","interpretable machine learning",1,23.2379000772445
"228","ionic shiny rust react.js",1,23.2379000772445
"229","knowledge graph",1,23.2379000772445
"230","latex",1,23.2379000772445
"231","layered grammar of graphics",1,23.2379000772445
"232","leaflet",1,23.2379000772445
"233","learner diversity",1,23.2379000772445
"234","library data services",1,23.2379000772445
"235","literate programming",1,23.2379000772445
"236","logging",1,23.2379000772445
"237","macroeconomics",1,23.2379000772445
"238","maintenance",1,23.2379000772445
"239","marginaleffects",1,23.2379000772445
"240","marketing",1,23.2379000772445
"241","mathematical functions",1,23.2379000772445
"242","measurement",1,23.2379000772445
"243","mentorship",1,23.2379000772445
"244","meta-analysis",1,23.2379000772445
"245","metabolomics",1,23.2379000772445
"246","microbiome",1,23.2379000772445
"247","microservices",1,23.2379000772445
"248","mixed-effects modeling",1,23.2379000772445
"249","mlops",1,23.2379000772445
"250","mobile genetic elements",1,23.2379000772445
"251","model interpretation",1,23.2379000772445
"252","model pipelines",1,23.2379000772445
"253","modularity",1,23.2379000772445
"254","modules",1,23.2379000772445
"255","mortality",1,23.2379000772445
"256","multi-language integration",1,23.2379000772445
"257","multi-lingual",1,23.2379000772445
"258","multi-omics integration",1,23.2379000772445
"259","multi-state modeling",1,23.2379000772445
"260","multivariate adaptive regression splines",1,23.2379000772445
"261","music",1,23.2379000772445
"262","natural language processing",1,23.2379000772445
"263","north carolina",1,23.2379000772445
"264","numerical computing",1,23.2379000772445
"265","ocr",1,23.2379000772445
"266","official statistics",1,23.2379000772445
"267","oncology",1,23.2379000772445
"268","oncology research",1,23.2379000772445
"269","open source",1,23.2379000772445
"270","open source tools",1,23.2379000772445
"271","open-source",1,23.2379000772445
"272","open-source adoption",1,23.2379000772445
"273","ordinal data",1,23.2379000772445
"274","outreach",1,23.2379000772445
"275","package design",1,23.2379000772445
"276","package development",1,23.2379000772445
"277","package management",1,23.2379000772445
"278","parallel computing",1,23.2379000772445
"279","parallel processing",1,23.2379000772445
"280","parametric regression",1,23.2379000772445
"281","patient care",1,23.2379000772445
"282","pattern recognition",1,23.2379000772445
"283","pattern-matching",1,23.2379000772445
"284","performance",1,23.2379000772445
"285","performance optimization",1,23.2379000772445
"286","pfas",1,23.2379000772445
"287","playwright",1,23.2379000772445
"288","plumber",1,23.2379000772445
"289","plumber api",1,23.2379000772445
"290","plumber2",1,23.2379000772445
"291","politics",1,23.2379000772445
"292","posit team",1,23.2379000772445
"293","positron",1,23.2379000772445
"294","poverty mapping",1,23.2379000772445
"295","ppt generation",1,23.2379000772445
"296","prediction",1,23.2379000772445
"297","predictive modeling",1,23.2379000772445
"298","pretest probability",1,23.2379000772445
"299","probability",1,23.2379000772445
"300","production",1,23.2379000772445
"301","public communications",1,23.2379000772445
"302","public data",1,23.2379000772445
"303","public sector",1,23.2379000772445
"304","quality improvement",1,23.2379000772445
"305","r for fun",1,23.2379000772445
"306","r package and function design",1,23.2379000772445
"307","r package development",1,23.2379000772445
"308","r packages",1,23.2379000772445
"309","r shiny",1,23.2379000772445
"310","r support",1,23.2379000772445
"311","r syntax",1,23.2379000772445
"312","r training program",1,23.2379000772445
"313","r-ladies",1,23.2379000772445
"314","r-package",1,23.2379000772445
"315","rag (retrieval-augmented generation).",1,23.2379000772445
"316","random forests",1,23.2379000772445
"317","randomized controlled clinical trial",1,23.2379000772445
"318","rdbms",1,23.2379000772445
"319","react.js shiny d3.js",1,23.2379000772445
"320","read coverage data",1,23.2379000772445
"321","readability",1,23.2379000772445
"322","real-world data",1,23.2379000772445
"323","real-world evidence",1,23.2379000772445
"324","regression",1,23.2379000772445
"325","remote development",1,23.2379000772445
"326","report making automation",1,23.2379000772445
"327","repository managment",1,23.2379000772445
"328","reproducible",1,23.2379000772445
"329","reproducible workflow",1,23.2379000772445
"330","riemannian manifolds",1,23.2379000772445
"331","risk scores",1,23.2379000772445
"332","rmarkdown",1,23.2379000772445
"333","ropensci",1,23.2379000772445
"334","rstudio",1,23.2379000772445
"335","rust",1,23.2379000772445
"336","s3",1,23.2379000772445
"337","scrollytelling",1,23.2379000772445
"338","sdtm",1,23.2379000772445
"339","self-driving cars",1,23.2379000772445
"340","serialization",1,23.2379000772445
"341","shapley values",1,23.2379000772445
"342","shiny apps",1,23.2379000772445
"343","shinyproxy",1,23.2379000772445
"344","simulation",1,23.2379000772445
"345","simulations",1,23.2379000772445
"346","social science",1,23.2379000772445
"347","social statistics",1,23.2379000772445
"348","sparse data",1,23.2379000772445
"349","speed",1,23.2379000772445
"350","standards",1,23.2379000772445
"351","stateic site generator",1,23.2379000772445
"352","statistical analysis",1,23.2379000772445
"353","statistical application",1,23.2379000772445
"354","statistical computing",1,23.2379000772445
"355","statistical distributions",1,23.2379000772445
"356","statistical inference",1,23.2379000772445
"357","statistical methods",1,23.2379000772445
"358","statistical modeling",1,23.2379000772445
"359","statistical modelling",1,23.2379000772445
"360","statistical programming",1,23.2379000772445
"361","statistical testing",1,23.2379000772445
"362","statistics",1,23.2379000772445
"363","stickers",1,23.2379000772445
"364","storage",1,23.2379000772445
"365","storytelling",1,23.2379000772445
"366","structural variants",1,23.2379000772445
"367","survey research",1,23.2379000772445
"368","syntax",1,23.2379000772445
"369","system design",1,23.2379000772445
"370","table formatting",1,23.2379000772445
"371","tables",1,23.2379000772445
"372","technical",1,23.2379000772445
"373","test-driven development",1,23.2379000772445
"374","testing",1,23.2379000772445
"375","text2sql",1,23.2379000772445
"376","tidy data",1,23.2379000772445
"377","tidyclust",1,23.2379000772445
"378","time series",1,23.2379000772445
"379","tlg",1,23.2379000772445
"380","tmle",1,23.2379000772445
"381","training",1,23.2379000772445
"382","transititon",1,23.2379000772445
"383","trauma",1,23.2379000772445
"384","type annotation",1,23.2379000772445
"385","uncertainty",1,23.2379000772445
"386","unsupervised learning",1,23.2379000772445
"387","web api",1,23.2379000772445
"388","web scraping",1,23.2379000772445
"389","webapp",1,23.2379000772445
"390","website",1,23.2379000772445
"391","weighted analysis",1,23.2379000772445
"392","wet lab research",1,23.2379000772445
"393","workflow automation",1,23.2379000772445
"394","workshops",1,23.2379000772445
